
{
	"info": {
		"_postman_id": "regional-bank-api",
		"name": "Regional Bank API",
		"description": "Collection for testing Regional Bank APIs",
		"schema": "https://schema.getpostman.com/json/collection/v2.1.0/collection.json"
	},
	"item": [
		{
			"name": "Authentication",
			"item": [
				{
					"name": "Login - Singapore",
					"request": {
						"method": "POST",
						"header": [
							{
								"key": "Content-Type",
								"value": "application/json"
							}
						],
						"body": {
							"mode": "raw",
							"raw": "{\n    \"organisationId\": \"ACME001\",\n    \"userId\": \"JOHNDOE\",\n    \"password\": \"password123\"\n}"
						},
						"url": {
							"raw": "http://localhost:8080/sg/customer-security-corp/v1/orguserid-login",
							"protocol": "http",
							"host": [
								"localhost"
							],
							"port": "8080",
							"path": [
								"sg",
								"customer-security-corp",
								"v1",
								"orguserid-login"
							]
						}
					}
				},
				{
					"name": "Login - Malaysia",
					"request": {
						"method": "POST",
						"header": [
							{
								"key": "Content-Type",
								"value": "application/json"
							}
						],
						"body": {
							"mode": "raw",
							"raw": "{\n    \"organisationId\": \"ACME001\",\n    \"userId\": \"AHMAD\",\n    \"password\": \"password123\"\n}"
						},
						"url": {
							"raw": "http://localhost:8080/my/customer-security-corp/v1/orguserid-login",
							"protocol": "http",
							"host": [
								"localhost"
							],
							"port": "8080",
							"path": [
								"my",
								"customer-security-corp",
								"v1",
								"orguserid-login"
							]
						}
					}
				},
				{
					"name": "Password Reset",
					"request": {
						"method": "POST",
						"header": [
							{
								"key": "Content-Type",
								"value": "application/json"
							}
						],
						"body": {
							"mode": "raw",
							"raw": "{\n    \"organizationId\": \"ACME001\",\n    \"userId\": \"JOHNDOE\"\n}"
						},
						"url": {
							"raw": "http://localhost:8080/sg/customer-security-corp/v1/password-reset",
							"protocol": "http",
							"host": [
								"localhost"
							],
							"port": "8080",
							"path": [
								"sg",
								"customer-security-corp",
								"v1",
								"password-reset"
							]
						}
					}
				},
				{
					"name": "User Activation",
					"request": {
						"method": "POST",
						"header": [
							{
								"key": "Content-Type",
								"value": "application/json"
							}
						],
						"body": {
							"mode": "raw",
							"raw": "{\n    \"organizationId\": \"ACME001\",\n    \"userId\": \"JOHNDOE\"\n}"
						},
						"url": {
							"raw": "http://localhost:8080/sg/customer-security-corp/v1/user-activation",
							"protocol": "http",
							"host": [
								"localhost"
							],
							"port": "8080",
							"path": [
								"sg",
								"customer-security-corp",
								"v1",
								"user-activation"
							]
						}
					}
				}
			]
		},
		{
			"name": "Content",
			"item": [
				{
					"name": "Get Banner - Singapore English",
					"request": {
						"method": "GET",
						"header": [],
						"url": {
							"raw": "http://localhost:8080/digital-content/sg/business/web/en/bfo/common/banner/banner_content.json",
							"protocol": "http",
							"host": [
								"localhost"
							],
							"port": "8080",
							"path": [
								"digital-content",
								"sg",
								"business",
								"web",
								"en",
								"bfo",
								"common",
								"banner",
								"banner_content.json"
							]
						}
					}
				},
				{
					"name": "Get Banner - Malaysia English",
					"request": {
						"method": "GET",
						"header": [],
						"url": {
							"raw": "http://localhost:8080/digital-content/my/business/web/en/bfo/common/banner/banner_content.json",
							"protocol": "http",
							"host": [
								"localhost"
							],
							"port": "8080",
							"path": [
								"digital-content",
								"my",
								"business",
								"web",
								"en",
								"bfo",
								"common",
								"banner",
								"banner_content.json"
							]
						}
					}
				},
				{
					"name": "Get Background - Singapore English",
					"request": {
						"method": "GET",
						"header": [],
						"url": {
							"raw": "http://localhost:8080/digital-content/sg/business/web/en/bfo/common/images/background_image.json",
							"protocol": "http",
							"host": [
								"localhost"
							],
							"port": "8080",
							"path": [
								"digital-content",
								"sg",
								"business",
								"web",
								"en",
								"bfo",
								"common",
								"images",
								"background_image.json"
							]
						}
					}
				},
				{
					"name": "Get Announcement - Singapore English",
					"request": {
						"method": "GET",
						"header": [],
						"url": {
							"raw": "http://localhost:8080/digital-content/sg/business/web/en/bfo/prelogin/announcement/microsites/microsite_announcement.html",
							"protocol": "http",
							"host": [
								"localhost"
							],
							"port": "8080",
							"path": [
								"digital-content",
								"sg",
								"business",
								"web",
								"en",
								"bfo",
								"prelogin",
								"announcement",
								"microsites",
								"microsite_announcement.html"
							]
						}
					}
				}
			]
		}
	]
}
